{
    "Allg.": "Masse in m; beziehen sich auf Ko.-Sy. des STL-Modells",
    "Grundmasse": {
        "Anlagenbreite": 3.5,
        "Anlagentiefe": 0.8,
        "Hoehe Basis": 0.915
    },
    "AruCo-Tag-Positionen (Tag-Mitte)": {
        "0": [
            -0.27,
            0,
            0
        ],
        "1": [
            0.067,
            0,
            0.762
        ],
        "2": [
            0.364,
            0,
            0.817
        ],
        "3": [
            0.22,
            0,
            0.6
        ],
        "4": [
            0.415,
            0,
            0.6
        ],
        "5": [
            3.5,
            0.0665,
            0.8185
        ],
        "6": [
            3.0885,
            0,
            0.7135
        ],
        "7": [
            3.4475,
            0,
            0.7975000000000001
        ],
        "8": [
            3.5,
            0.7335,
            0.8185
        ],
        "9": [
            3.4274999999999998,
            0.48950000000000005,
            0.915
        ]
    },
    
    "AruCo-Tag-Rotationen um x, y, z": {
        "0": [
            0,
            0,
            0
        ],
        "1": [
            90,
            0,
            0
        ],
        "2": [
            90,
            0,
            0
        ],
        "3": [
            90,
            0,
            0
        ],
        "4": [
            90,
            0,
            0
        ],
        "5": [
            90,
            0,
            90
        ],
        "6": [
            90,
            0,
            0
        ],
        "7": [
            90,
            0,
            0
        ],
        "8": [
            90,
            0,
            90
        ],
        "9": [
            0,
            0,
            90
        ]
    }
}
